path,status,sections,image,issues
/journal/bing-chen-day-pillar,200,7,/archetypes/bing_chen.jpg?v=20260914-new,[]
/journal/bing-chen-day-pillar?locale=ru,200,7,/archetypes/bing_chen.jpg?v=20260914-new,[]
/journal/bing-chen-day-pillar?locale=zh,200,7,/archetypes/bing_chen.jpg?v=20260914-new,[]
/journal/bing-chen-day-pillar?locale=zh-TW,200,7,/archetypes/bing_chen.jpg?v=20260914-new,[]
/journal/bing-shen-day-pillar,200,7,/archetypes/bing_shen.jpg?v=20260914-new,[]
/journal/bing-shen-day-pillar?locale=ru,200,7,/archetypes/bing_shen.jpg?v=20260914-new,[]
/journal/bing-shen-day-pillar?locale=zh,200,7,/archetypes/bing_shen.jpg?v=20260914-new,[]
/journal/bing-shen-day-pillar?locale=zh-TW,200,7,/archetypes/bing_shen.jpg?v=20260914-new,[]
/journal/bing-wu-day-pillar,200,7,/archetypes/bing_wu.jpg?v=20260914-new,[]
/journal/bing-wu-day-pillar?locale=ru,200,7,/archetypes/bing_wu.jpg?v=20260914-new,[]
/journal/bing-wu-day-pillar?locale=zh,200,7,/archetypes/bing_wu.jpg?v=20260914-new,[]
/journal/bing-wu-day-pillar?locale=zh-TW,200,7,/archetypes/bing_wu.jpg?v=20260914-new,[]
/journal/bing-xu-day-pillar,200,8,/archetypes/bing_xu.jpg?v=20260914-new,[]
/journal/bing-xu-day-pillar?locale=ru,200,8,/archetypes/bing_xu.jpg?v=20260914-new,[]
/journal/bing-xu-day-pillar?locale=zh,200,8,/archetypes/bing_xu.jpg?v=20260914-new,[]
/journal/bing-xu-day-pillar?locale=zh-TW,200,8,/archetypes/bing_xu.jpg?v=20260914-new,[]
/journal/bing-yin-day-pillar,200,10,/archetypes/bing_yin.jpg?v=20260914-new,[]
/journal/bing-yin-day-pillar?locale=ru,200,10,/archetypes/bing_yin.jpg?v=20260914-new,[]
/journal/bing-yin-day-pillar?locale=zh,200,10,/archetypes/bing_yin.jpg?v=20260914-new,[]
/journal/bing-yin-day-pillar?locale=zh-TW,200,10,/archetypes/bing_yin.jpg?v=20260914-new,[]
/journal/bing-zi-day-pillar,200,8,/archetypes/bing_zi.jpg?v=20260914-new,[]
/journal/bing-zi-day-pillar?locale=ru,200,8,/archetypes/bing_zi.jpg?v=20260914-new,[]
/journal/bing-zi-day-pillar?locale=zh,200,8,/archetypes/bing_zi.jpg?v=20260914-new,[]
/journal/bing-zi-day-pillar?locale=zh-TW,200,8,/archetypes/bing_zi.jpg?v=20260914-new,[]
/journal/ding-chou-day-pillar,200,8,/archetypes/ding_chou.jpg?v=20260914-new,[]
/journal/ding-chou-day-pillar?locale=ru,200,8,/archetypes/ding_chou.jpg?v=20260914-new,[]
/journal/ding-chou-day-pillar?locale=zh,200,8,/archetypes/ding_chou.jpg?v=20260914-new,[]
/journal/ding-chou-day-pillar?locale=zh-TW,200,8,/archetypes/ding_chou.jpg?v=20260914-new,[]
/journal/ding-hai-day-pillar,200,8,/archetypes/ding_hai.jpg?v=20260914-new,[]
/journal/ding-hai-day-pillar?locale=ru,200,8,/archetypes/ding_hai.jpg?v=20260914-new,[]
/journal/ding-hai-day-pillar?locale=zh,200,8,/archetypes/ding_hai.jpg?v=20260914-new,[]
/journal/ding-hai-day-pillar?locale=zh-TW,200,8,/archetypes/ding_hai.jpg?v=20260914-new,[]
/journal/ding-mao-day-pillar,200,10,/archetypes/ding_mao.jpg?v=20260914-new,[]
/journal/ding-mao-day-pillar?locale=ru,200,10,/archetypes/ding_mao.jpg?v=20260914-new,[]
/journal/ding-mao-day-pillar?locale=zh,200,10,/archetypes/ding_mao.jpg?v=20260914-new,[]
/journal/ding-mao-day-pillar?locale=zh-TW,200,10,/archetypes/ding_mao.jpg?v=20260914-new,[]
/journal/ding-si-day-pillar,200,7,/archetypes/ding_si.jpg?v=20260914-new,[]
/journal/ding-si-day-pillar?locale=ru,200,7,/archetypes/ding_si.jpg?v=20260914-new,[]
/journal/ding-si-day-pillar?locale=zh,200,7,/archetypes/ding_si.jpg?v=20260914-new,[]
/journal/ding-si-day-pillar?locale=zh-TW,200,7,/archetypes/ding_si.jpg?v=20260914-new,[]
/journal/ding-wei-day-pillar,200,7,/archetypes/ding_wei.jpg?v=20260914-new,[]
/journal/ding-wei-day-pillar?locale=ru,200,7,/archetypes/ding_wei.jpg?v=20260914-new,[]
/journal/ding-wei-day-pillar?locale=zh,200,7,/archetypes/ding_wei.jpg?v=20260914-new,[]
/journal/ding-wei-day-pillar?locale=zh-TW,200,7,/archetypes/ding_wei.jpg?v=20260914-new,[]
/journal/ding-you-day-pillar,200,7,/archetypes/ding_you.jpg?v=20260914-new,[]
/journal/ding-you-day-pillar?locale=ru,200,7,/archetypes/ding_you.jpg?v=20260914-new,[]
/journal/ding-you-day-pillar?locale=zh,200,7,/archetypes/ding_you.jpg?v=20260914-new,[]
/journal/ding-you-day-pillar?locale=zh-TW,200,7,/archetypes/ding_you.jpg?v=20260914-new,[]
/journal/geng-chen-day-pillar,200,8,/archetypes/geng_chen.jpg?v=20260914-new,[]
/journal/geng-chen-day-pillar?locale=ru,200,8,/archetypes/geng_chen.jpg?v=20260914-new,[]
/journal/geng-chen-day-pillar?locale=zh,200,8,/archetypes/geng_chen.jpg?v=20260914-new,[]
/journal/geng-chen-day-pillar?locale=zh-TW,200,8,/archetypes/geng_chen.jpg?v=20260914-new,[]
/journal/geng-shen-day-pillar,200,7,/archetypes/geng_shen.jpg?v=20260914-new,[]
/journal/geng-shen-day-pillar?locale=ru,200,7,/archetypes/geng_shen.jpg?v=20260914-new,[]
/journal/geng-shen-day-pillar?locale=zh,200,7,/archetypes/geng_shen.jpg?v=20260914-new,[]
/journal/geng-shen-day-pillar?locale=zh-TW,200,7,/archetypes/geng_shen.jpg?v=20260914-new,[]
/journal/geng-wu-day-pillar,200,8,/archetypes/geng_wu.jpg?v=20260914-new,[]
/journal/geng-wu-day-pillar?locale=ru,200,8,/archetypes/geng_wu.jpg?v=20260914-new,[]
/journal/geng-wu-day-pillar?locale=zh,200,8,/archetypes/geng_wu.jpg?v=20260914-new,[]
/journal/geng-wu-day-pillar?locale=zh-TW,200,8,/archetypes/geng_wu.jpg?v=20260914-new,[]
/journal/geng-xu-day-pillar,200,7,/archetypes/geng_xu.jpg?v=20260914-new,[]
/journal/geng-xu-day-pillar?locale=ru,200,7,/archetypes/geng_xu.jpg?v=20260914-new,[]
/journal/geng-xu-day-pillar?locale=zh,200,7,/archetypes/geng_xu.jpg?v=20260914-new,[]
/journal/geng-xu-day-pillar?locale=zh-TW,200,7,/archetypes/geng_xu.jpg?v=20260914-new,[]
/journal/geng-yin-day-pillar,200,8,/archetypes/geng_yin.jpg?v=20260914-new,[]
/journal/geng-yin-day-pillar?locale=ru,200,8,/archetypes/geng_yin.jpg?v=20260914-new,[]
/journal/geng-yin-day-pillar?locale=zh,200,8,/archetypes/geng_yin.jpg?v=20260914-new,[]
/journal/geng-yin-day-pillar?locale=zh-TW,200,8,/archetypes/geng_yin.jpg?v=20260914-new,[]
/journal/geng-zi-day-pillar,200,7,/archetypes/geng_zi.jpg?v=20260914-new,[]
/journal/geng-zi-day-pillar?locale=ru,200,7,/archetypes/geng_zi.jpg?v=20260914-new,[]
/journal/geng-zi-day-pillar?locale=zh,200,7,/archetypes/geng_zi.jpg?v=20260914-new,[]
/journal/geng-zi-day-pillar?locale=zh-TW,200,7,/archetypes/geng_zi.jpg?v=20260914-new,[]
/journal/gui-chou-day-pillar,200,7,/archetypes/gui_chou.jpg?v=20260914-new,[]
/journal/gui-chou-day-pillar?locale=ru,200,7,/archetypes/gui_chou.jpg?v=20260914-new,[]
/journal/gui-chou-day-pillar?locale=zh,200,7,/archetypes/gui_chou.jpg?v=20260914-new,[]
/journal/gui-chou-day-pillar?locale=zh-TW,200,7,/archetypes/gui_chou.jpg?v=20260914-new,[]
/journal/gui-hai-day-pillar,200,7,/archetypes/gui_hai.jpg?v=20260914-new,[]
/journal/gui-hai-day-pillar?locale=ru,200,7,/archetypes/gui_hai.jpg?v=20260914-new,[]
/journal/gui-hai-day-pillar?locale=zh,200,7,/archetypes/gui_hai.jpg?v=20260914-new,[]
/journal/gui-hai-day-pillar?locale=zh-TW,200,7,/archetypes/gui_hai.jpg?v=20260914-new,[]
/journal/gui-mao-day-pillar,200,7,/archetypes/gui_mao.jpg?v=20260914-new,[]
/journal/gui-mao-day-pillar?locale=ru,200,7,/archetypes/gui_mao.jpg?v=20260914-new,[]
/journal/gui-mao-day-pillar?locale=zh,200,7,/archetypes/gui_mao.jpg?v=20260914-new,[]
/journal/gui-mao-day-pillar?locale=zh-TW,200,7,/archetypes/gui_mao.jpg?v=20260914-new,[]
/journal/gui-si-day-pillar,200,7,/archetypes/gui_si.jpg?v=20260914-new,[]
/journal/gui-si-day-pillar?locale=ru,200,7,/archetypes/gui_si.jpg?v=20260914-new,[]
/journal/gui-si-day-pillar?locale=zh,200,7,/archetypes/gui_si.jpg?v=20260914-new,[]
/journal/gui-si-day-pillar?locale=zh-TW,200,7,/archetypes/gui_si.jpg?v=20260914-new,[]
/journal/gui-wei-day-pillar,200,8,/archetypes/gui_wei.jpg?v=20260914-new,[]
/journal/gui-wei-day-pillar?locale=ru,200,8,/archetypes/gui_wei.jpg?v=20260914-new,[]
/journal/gui-wei-day-pillar?locale=zh,200,8,/archetypes/gui_wei.jpg?v=20260914-new,[]
/journal/gui-wei-day-pillar?locale=zh-TW,200,8,/archetypes/gui_wei.jpg?v=20260914-new,[]
/journal/gui-you-day-pillar,200,8,/archetypes/gui_you.jpg?v=20260914-new,[]
/journal/gui-you-day-pillar?locale=ru,200,8,/archetypes/gui_you.jpg?v=20260914-new,[]
/journal/gui-you-day-pillar?locale=zh,200,8,/archetypes/gui_you.jpg?v=20260914-new,[]
/journal/gui-you-day-pillar?locale=zh-TW,200,8,/archetypes/gui_you.jpg?v=20260914-new,[]
/journal/ji-chou-day-pillar,200,8,/archetypes/ji_chou.jpg?v=20260914-new,[]
/journal/ji-chou-day-pillar?locale=ru,200,8,/archetypes/ji_chou.jpg?v=20260914-new,[]
/journal/ji-chou-day-pillar?locale=zh,200,8,/archetypes/ji_chou.jpg?v=20260914-new,[]
/journal/ji-chou-day-pillar?locale=zh-TW,200,8,/archetypes/ji_chou.jpg?v=20260914-new,[]
/journal/ji-hai-day-pillar,200,7,/archetypes/ji_hai.jpg?v=20260914-new,[]
/journal/ji-hai-day-pillar?locale=ru,200,7,/archetypes/ji_hai.jpg?v=20260914-new,[]
/journal/ji-hai-day-pillar?locale=zh,200,7,/archetypes/ji_hai.jpg?v=20260914-new,[]
/journal/ji-hai-day-pillar?locale=zh-TW,200,7,/archetypes/ji_hai.jpg?v=20260914-new,[]
/journal/ji-mao-day-pillar,200,8,/archetypes/ji_mao.jpg?v=20260914-new,[]
/journal/ji-mao-day-pillar?locale=ru,200,8,/archetypes/ji_mao.jpg?v=20260914-new,[]
/journal/ji-mao-day-pillar?locale=zh,200,8,/archetypes/ji_mao.jpg?v=20260914-new,[]
/journal/ji-mao-day-pillar?locale=zh-TW,200,8,/archetypes/ji_mao.jpg?v=20260914-new,[]
/journal/ji-si-day-pillar,200,8,/archetypes/ji_si.jpg?v=20260914-new,[]
/journal/ji-si-day-pillar?locale=ru,200,8,/archetypes/ji_si.jpg?v=20260914-new,[]
/journal/ji-si-day-pillar?locale=zh,200,8,/archetypes/ji_si.jpg?v=20260914-new,[]
/journal/ji-si-day-pillar?locale=zh-TW,200,8,/archetypes/ji_si.jpg?v=20260914-new,[]
/journal/ji-wei-day-pillar,200,7,/archetypes/ji_wei.jpg?v=20260914-new,[]
/journal/ji-wei-day-pillar?locale=ru,200,7,/archetypes/ji_wei.jpg?v=20260914-new,[]
/journal/ji-wei-day-pillar?locale=zh,200,7,/archetypes/ji_wei.jpg?v=20260914-new,[]
/journal/ji-wei-day-pillar?locale=zh-TW,200,7,/archetypes/ji_wei.jpg?v=20260914-new,[]
/journal/ji-you-day-pillar,200,7,/archetypes/ji_you.jpg?v=20260914-new,[]
/journal/ji-you-day-pillar?locale=ru,200,7,/archetypes/ji_you.jpg?v=20260914-new,[]
/journal/ji-you-day-pillar?locale=zh,200,7,/archetypes/ji_you.jpg?v=20260914-new,[]
/journal/ji-you-day-pillar?locale=zh-TW,200,7,/archetypes/ji_you.jpg?v=20260914-new,[]
/journal/jia-chen-day-pillar,200,8,/archetypes/jia_chen.jpg?v=20260914-new,[]
/journal/jia-chen-day-pillar?locale=ru,200,8,/archetypes/jia_chen.jpg?v=20260914-new,[]
/journal/jia-chen-day-pillar?locale=zh,200,8,/archetypes/jia_chen.jpg?v=20260914-new,[]
/journal/jia-chen-day-pillar?locale=zh-TW,200,8,/archetypes/jia_chen.jpg?v=20260914-new,[]
/journal/jia-shen-day-pillar,200,8,/archetypes/jia_shen.jpg?v=20260914-new,[]
/journal/jia-shen-day-pillar?locale=ru,200,8,/archetypes/jia_shen.jpg?v=20260914-new,[]
/journal/jia-shen-day-pillar?locale=zh,200,8,/archetypes/jia_shen.jpg?v=20260914-new,[]
/journal/jia-shen-day-pillar?locale=zh-TW,200,8,/archetypes/jia_shen.jpg?v=20260914-new,[]
/journal/jia-wu-day-pillar,200,7,/archetypes/jia_wu.jpg?v=20260914-new,[]
/journal/jia-wu-day-pillar?locale=ru,200,7,/archetypes/jia_wu.jpg?v=20260914-new,[]
/journal/jia-wu-day-pillar?locale=zh,200,7,/archetypes/jia_wu.jpg?v=20260914-new,[]
/journal/jia-wu-day-pillar?locale=zh-TW,200,7,/archetypes/jia_wu.jpg?v=20260914-new,[]
/journal/jia-xu-day-pillar,200,8,/archetypes/jia_xu.jpg?v=20260914-new,[]
/journal/jia-xu-day-pillar?locale=ru,200,8,/archetypes/jia_xu.jpg?v=20260914-new,[]
/journal/jia-xu-day-pillar?locale=zh,200,8,/archetypes/jia_xu.jpg?v=20260914-new,[]
/journal/jia-xu-day-pillar?locale=zh-TW,200,8,/archetypes/jia_xu.jpg?v=20260914-new,[]
/journal/jia-yin-day-pillar,200,7,/archetypes/jia_yin.jpg?v=20260914-new,[]
/journal/jia-yin-day-pillar?locale=ru,200,7,/archetypes/jia_yin.jpg?v=20260914-new,[]
/journal/jia-yin-day-pillar?locale=zh,200,7,/archetypes/jia_yin.jpg?v=20260914-new,[]
/journal/jia-yin-day-pillar?locale=zh-TW,200,7,/archetypes/jia_yin.jpg?v=20260914-new,[]
/journal/jia-zi-day-pillar,200,9,/archetypes/jia_zi.jpg?v=20260914-new,[]
/journal/jia-zi-day-pillar?locale=ru,200,9,/archetypes/jia_zi.jpg?v=20260914-new,[]
/journal/jia-zi-day-pillar?locale=zh,200,9,/archetypes/jia_zi.jpg?v=20260914-new,[]
/journal/jia-zi-day-pillar?locale=zh-TW,200,9,/archetypes/jia_zi.jpg?v=20260914-new,[]
/journal/ren-chen-day-pillar,200,7,/archetypes/ren_chen.jpg?v=20260914-new,[]
/journal/ren-chen-day-pillar?locale=ru,200,7,/archetypes/ren_chen.jpg?v=20260914-new,[]
/journal/ren-chen-day-pillar?locale=zh,200,7,/archetypes/ren_chen.jpg?v=20260914-new,[]
/journal/ren-chen-day-pillar?locale=zh-TW,200,7,/archetypes/ren_chen.jpg?v=20260914-new,[]
/journal/ren-shen-day-pillar,200,8,/archetypes/ren_shen.jpg?v=20260914-new,[]
/journal/ren-shen-day-pillar?locale=ru,200,8,/archetypes/ren_shen.jpg?v=20260914-new,[]
/journal/ren-shen-day-pillar?locale=zh,200,8,/archetypes/ren_shen.jpg?v=20260914-new,[]
/journal/ren-shen-day-pillar?locale=zh-TW,200,8,/archetypes/ren_shen.jpg?v=20260914-new,[]
/journal/ren-wu-day-pillar,200,8,/archetypes/ren_wu.jpg?v=20260914-new,[]
/journal/ren-wu-day-pillar?locale=ru,200,8,/archetypes/ren_wu.jpg?v=20260914-new,[]
/journal/ren-wu-day-pillar?locale=zh,200,8,/archetypes/ren_wu.jpg?v=20260914-new,[]
/journal/ren-wu-day-pillar?locale=zh-TW,200,8,/archetypes/ren_wu.jpg?v=20260914-new,[]
/journal/ren-xu-day-pillar,200,7,/archetypes/ren_xu.jpg?v=20260914-new,[]
/journal/ren-xu-day-pillar?locale=ru,200,7,/archetypes/ren_xu.jpg?v=20260914-new,[]
/journal/ren-xu-day-pillar?locale=zh,200,7,/archetypes/ren_xu.jpg?v=20260914-new,[]
/journal/ren-xu-day-pillar?locale=zh-TW,200,7,/archetypes/ren_xu.jpg?v=20260914-new,[]
/journal/ren-yin-day-pillar,200,7,/archetypes/ren_yin.jpg?v=20260914-new,[]
/journal/ren-yin-day-pillar?locale=ru,200,7,/archetypes/ren_yin.jpg?v=20260914-new,[]
/journal/ren-yin-day-pillar?locale=zh,200,7,/archetypes/ren_yin.jpg?v=20260914-new,[]
/journal/ren-yin-day-pillar?locale=zh-TW,200,7,/archetypes/ren_yin.jpg?v=20260914-new,[]
/journal/ren-zi-day-pillar,200,7,/archetypes/ren_zi.jpg?v=20260914-new,[]
/journal/ren-zi-day-pillar?locale=ru,200,7,/archetypes/ren_zi.jpg?v=20260914-new,[]
/journal/ren-zi-day-pillar?locale=zh,200,7,/archetypes/ren_zi.jpg?v=20260914-new,[]
/journal/ren-zi-day-pillar?locale=zh-TW,200,7,/archetypes/ren_zi.jpg?v=20260914-new,[]
/journal/wu-chen-day-pillar,200,8,/archetypes/wu_chen.jpg?v=20260914-new,[]
/journal/wu-chen-day-pillar?locale=ru,200,8,/archetypes/wu_chen.jpg?v=20260914-new,[]
/journal/wu-chen-day-pillar?locale=zh,200,8,/archetypes/wu_chen.jpg?v=20260914-new,[]
/journal/wu-chen-day-pillar?locale=zh-TW,200,8,/archetypes/wu_chen.jpg?v=20260914-new,[]
/journal/wu-shen-day-pillar,200,7,/archetypes/wu_shen.jpg?v=20260914-new,[]
/journal/wu-shen-day-pillar?locale=ru,200,7,/archetypes/wu_shen.jpg?v=20260914-new,[]
/journal/wu-shen-day-pillar?locale=zh,200,7,/archetypes/wu_shen.jpg?v=20260914-new,[]
/journal/wu-shen-day-pillar?locale=zh-TW,200,7,/archetypes/wu_shen.jpg?v=20260914-new,[]
/journal/wu-wu-day-pillar,200,7,/archetypes/wu_wu.jpg?v=20260914-new,[]
/journal/wu-wu-day-pillar?locale=ru,200,7,/archetypes/wu_wu.jpg?v=20260914-new,[]
/journal/wu-wu-day-pillar?locale=zh,200,7,/archetypes/wu_wu.jpg?v=20260914-new,[]
/journal/wu-wu-day-pillar?locale=zh-TW,200,7,/archetypes/wu_wu.jpg?v=20260914-new,[]
/journal/wu-xu-day-pillar,200,7,/archetypes/wu_xu.jpg?v=20260914-new,[]
/journal/wu-xu-day-pillar?locale=ru,200,7,/archetypes/wu_xu.jpg?v=20260914-new,[]
/journal/wu-xu-day-pillar?locale=zh,200,7,/archetypes/wu_xu.jpg?v=20260914-new,[]
/journal/wu-xu-day-pillar?locale=zh-TW,200,7,/archetypes/wu_xu.jpg?v=20260914-new,[]
/journal/wu-yin-day-pillar,200,8,/archetypes/wu_yin.jpg?v=20260914-new,[]
/journal/wu-yin-day-pillar?locale=ru,200,8,/archetypes/wu_yin.jpg?v=20260914-new,[]
/journal/wu-yin-day-pillar?locale=zh,200,8,/archetypes/wu_yin.jpg?v=20260914-new,[]
/journal/wu-yin-day-pillar?locale=zh-TW,200,8,/archetypes/wu_yin.jpg?v=20260914-new,[]
/journal/wu-zi-day-pillar,200,8,/archetypes/wu_zi.jpg?v=20260914-new,[]
/journal/wu-zi-day-pillar?locale=ru,200,8,/archetypes/wu_zi.jpg?v=20260914-new,[]
/journal/wu-zi-day-pillar?locale=zh,200,8,/archetypes/wu_zi.jpg?v=20260914-new,[]
/journal/wu-zi-day-pillar?locale=zh-TW,200,8,/archetypes/wu_zi.jpg?v=20260914-new,[]
/journal/xin-chou-day-pillar,200,7,/archetypes/xin_chou.jpg?v=20260914-new,[]
/journal/xin-chou-day-pillar?locale=ru,200,7,/archetypes/xin_chou.jpg?v=20260914-new,[]
/journal/xin-chou-day-pillar?locale=zh,200,7,/archetypes/xin_chou.jpg?v=20260914-new,[]
/journal/xin-chou-day-pillar?locale=zh-TW,200,7,/archetypes/xin_chou.jpg?v=20260914-new,[]
/journal/xin-hai-day-pillar,200,7,/archetypes/xin_hai.jpg?v=20260914-new,[]
/journal/xin-hai-day-pillar?locale=ru,200,7,/archetypes/xin_hai.jpg?v=20260914-new,[]
/journal/xin-hai-day-pillar?locale=zh,200,7,/archetypes/xin_hai.jpg?v=20260914-new,[]
/journal/xin-hai-day-pillar?locale=zh-TW,200,7,/archetypes/xin_hai.jpg?v=20260914-new,[]
/journal/xin-mao-day-pillar,200,8,/archetypes/xin_mao.jpg?v=20260914-new,[]
/journal/xin-mao-day-pillar?locale=ru,200,8,/archetypes/xin_mao.jpg?v=20260914-new,[]
/journal/xin-mao-day-pillar?locale=zh,200,8,/archetypes/xin_mao.jpg?v=20260914-new,[]
/journal/xin-mao-day-pillar?locale=zh-TW,200,8,/archetypes/xin_mao.jpg?v=20260914-new,[]
/journal/xin-si-day-pillar,200,8,/archetypes/xin_si.jpg?v=20260914-new,[]
/journal/xin-si-day-pillar?locale=ru,200,8,/archetypes/xin_si.jpg?v=20260914-new,[]
/journal/xin-si-day-pillar?locale=zh,200,8,/archetypes/xin_si.jpg?v=20260914-new,[]
/journal/xin-si-day-pillar?locale=zh-TW,200,8,/archetypes/xin_si.jpg?v=20260914-new,[]
/journal/xin-wei-day-pillar,200,8,/archetypes/xin_wei.jpg?v=20260914-new,[]
/journal/xin-wei-day-pillar?locale=ru,200,8,/archetypes/xin_wei.jpg?v=20260914-new,[]
/journal/xin-wei-day-pillar?locale=zh,200,8,/archetypes/xin_wei.jpg?v=20260914-new,[]
/journal/xin-wei-day-pillar?locale=zh-TW,200,8,/archetypes/xin_wei.jpg?v=20260914-new,[]
/journal/xin-you-day-pillar,200,7,/archetypes/xin_you.jpg?v=20260914-new,[]
/journal/xin-you-day-pillar?locale=ru,200,7,/archetypes/xin_you.jpg?v=20260914-new,[]
/journal/xin-you-day-pillar?locale=zh,200,7,/archetypes/xin_you.jpg?v=20260914-new,[]
/journal/xin-you-day-pillar?locale=zh-TW,200,7,/archetypes/xin_you.jpg?v=20260914-new,[]
/journal/yi-chou-day-pillar,200,10,/archetypes/yi_chou.jpg?v=20260914-new,[]
/journal/yi-chou-day-pillar?locale=ru,200,10,/archetypes/yi_chou.jpg?v=20260914-new,[]
/journal/yi-chou-day-pillar?locale=zh,200,10,/archetypes/yi_chou.jpg?v=20260914-new,[]
/journal/yi-chou-day-pillar?locale=zh-TW,200,10,/archetypes/yi_chou.jpg?v=20260914-new,[]
/journal/yi-hai-day-pillar,200,8,/archetypes/yi_hai.jpg?v=20260914-new,[]
/journal/yi-hai-day-pillar?locale=ru,200,8,/archetypes/yi_hai.jpg?v=20260914-new,[]
/journal/yi-hai-day-pillar?locale=zh,200,8,/archetypes/yi_hai.jpg?v=20260914-new,[]
/journal/yi-hai-day-pillar?locale=zh-TW,200,8,/archetypes/yi_hai.jpg?v=20260914-new,[]
/journal/yi-mao-day-pillar,200,7,/archetypes/yi_mao.jpg?v=20260914-new,[]
/journal/yi-mao-day-pillar?locale=ru,200,7,/archetypes/yi_mao.jpg?v=20260914-new,[]
/journal/yi-mao-day-pillar?locale=zh,200,7,/archetypes/yi_mao.jpg?v=20260914-new,[]
/journal/yi-mao-day-pillar?locale=zh-TW,200,7,/archetypes/yi_mao.jpg?v=20260914-new,[]
/journal/yi-si-day-pillar,200,7,/archetypes/yi_si.jpg?v=20260914-new,[]
/journal/yi-si-day-pillar?locale=ru,200,7,/archetypes/yi_si.jpg?v=20260914-new,[]
/journal/yi-si-day-pillar?locale=zh,200,7,/archetypes/yi_si.jpg?v=20260914-new,[]
/journal/yi-si-day-pillar?locale=zh-TW,200,7,/archetypes/yi_si.jpg?v=20260914-new,[]
/journal/yi-wei-day-pillar,200,7,/archetypes/yi_wei.jpg?v=20260914-new,[]
/journal/yi-wei-day-pillar?locale=ru,200,7,/archetypes/yi_wei.jpg?v=20260914-new,[]
/journal/yi-wei-day-pillar?locale=zh,200,7,/archetypes/yi_wei.jpg?v=20260914-new,[]
/journal/yi-wei-day-pillar?locale=zh-TW,200,7,/archetypes/yi_wei.jpg?v=20260914-new,[]
/journal/yi-you-day-pillar,200,8,/archetypes/yi_you.jpg?v=20260914-new,[]
/journal/yi-you-day-pillar?locale=ru,200,8,/archetypes/yi_you.jpg?v=20260914-new,[]
/journal/yi-you-day-pillar?locale=zh,200,8,/archetypes/yi_you.jpg?v=20260914-new,[]
/journal/yi-you-day-pillar?locale=zh-TW,200,8,/archetypes/yi_you.jpg?v=20260914-new,[]
