cycle,pillar,slug,batch,status,sources,facts_original_split,concrete_scene,comparison,limits,en,zh,zh-TW,ru,links,render,reader_answer,cultural_identity,final_editorial_review,factual_status,independent_ru_review,mobile
1,甲子,jia-zi-day-pillar,preserve,preserved-byte-identical,unchanged-not-reassessed,unchanged-not-reassessed,unchanged-not-reassessed,unchanged-not-reassessed,unchanged-not-reassessed,unchanged-not-reassessed,unchanged-not-reassessed,unchanged-not-reassessed,unchanged-not-reassessed,PASS:structured-links-and-rendered-internal-targets;original-Jia-Zi-CTA-fallback-preserved,PASS:4-locales-desktop-1280;metadata-canonical-hreflang-schema-sections-images-no-pageerror,existing-article-preserved,existing-article-preserved,outside-56-draft-scope,original-preserved;not-newly-editorially-reassessed,NOT DONE:independent-native-human-review,PASS:all4-locales-at320-and390
2,乙丑,yi-chou-day-pillar,preserve,preserved-except-Traditional-calendar-character,unchanged-not-reassessed,unchanged-not-reassessed,unchanged-not-reassessed,unchanged-not-reassessed,unchanged-not-reassessed,unchanged-not-reassessed,unchanged-not-reassessed,narrow-calendar-Chou-fix;all60-integrity-pass,unchanged-not-reassessed,PASS:structured-links-and-rendered-internal-targets,PASS:4-locales-desktop-1280;metadata-canonical-hreflang-schema-sections-images-no-pageerror,existing-article-preserved,existing-article-preserved,outside-56-draft-scope,original-preserved;not-newly-editorially-reassessed,NOT DONE:independent-native-human-review,PASS:all4-locales-at320-and390
3,丙寅,bing-yin-day-pillar,preserve,preserved-byte-identical,unchanged-not-reassessed,unchanged-not-reassessed,unchanged-not-reassessed,unchanged-not-reassessed,unchanged-not-reassessed,unchanged-not-reassessed,unchanged-not-reassessed,unchanged-not-reassessed,unchanged-not-reassessed,PASS:structured-links-and-rendered-internal-targets,PASS:4-locales-desktop-1280;metadata-canonical-hreflang-schema-sections-images-no-pageerror,existing-article-preserved,existing-article-preserved,outside-56-draft-scope,original-preserved;not-newly-editorially-reassessed,NOT DONE:independent-native-human-review,not-sampled-mobile;desktop4-locales-pass
4,丁卯,ding-mao-day-pillar,preserve,preserved-byte-identical,unchanged-not-reassessed,unchanged-not-reassessed,unchanged-not-reassessed,unchanged-not-reassessed,unchanged-not-reassessed,unchanged-not-reassessed,unchanged-not-reassessed,unchanged-not-reassessed,unchanged-not-reassessed,PASS:structured-links-and-rendered-internal-targets,PASS:4-locales-desktop-1280;metadata-canonical-hreflang-schema-sections-images-no-pageerror,existing-article-preserved,existing-article-preserved,outside-56-draft-scope,original-preserved;not-newly-editorially-reassessed,NOT DONE:independent-native-human-review,not-sampled-mobile;desktop4-locales-pass
5,戊辰,wu-chen-day-pillar,1,full-draft-final-agent-review-complete;unpublished,bilingual-source-notes;HKO-calendar;IEP-five-phase-only,reviewed:traditional-facts-separated-from-original-portrait,reviewed:pillar-specific-scene-and-practice,reviewed:current-card-name-and-qualified-element-contrast,reviewed:no-personality-measurement-or-forecast-claim,agent-edited-and-reviewed,agent-edited-and-reviewed,converted-and-agent-reviewed;calendar-glyph-pass,agent-edited-and-reviewed;independent-human-pending,PASS:structured-links-and-rendered-internal-targets,PASS:4-locales-desktop-1280;metadata-canonical-hreflang-schema-sections-images-no-pageerror,direct-pair-meaning-and-strength-tension-reviewed,current-animal-image-and-original-cultural-interpretation-reviewed,completed:opening-takeaway-career-practice-rewritten;generic-money-timing-removed,PASS:cycle-stem-branch-main-element;calendar-vs-original-interpretation-scoped,NOT DONE:independent-native-human-review,PASS:all4-locales-at320-and390
6,己巳,ji-si-day-pillar,1,full-draft-final-agent-review-complete;unpublished,bilingual-source-notes;HKO-calendar;IEP-five-phase-only,reviewed:traditional-facts-separated-from-original-portrait,reviewed:pillar-specific-scene-and-practice,reviewed:current-card-name-and-qualified-element-contrast,reviewed:no-personality-measurement-or-forecast-claim,agent-edited-and-reviewed,agent-edited-and-reviewed,converted-and-agent-reviewed;calendar-glyph-pass,agent-edited-and-reviewed;independent-human-pending,PASS:structured-links-and-rendered-internal-targets,PASS:4-locales-desktop-1280;metadata-canonical-hreflang-schema-sections-images-no-pageerror,direct-pair-meaning-and-strength-tension-reviewed,current-animal-image-and-original-cultural-interpretation-reviewed,completed:opening-takeaway-career-practice-rewritten;generic-money-timing-removed,PASS:cycle-stem-branch-main-element;calendar-vs-original-interpretation-scoped,NOT DONE:independent-native-human-review,not-sampled-mobile;desktop4-locales-pass
7,庚午,geng-wu-day-pillar,1,full-draft-final-agent-review-complete;unpublished,bilingual-source-notes;HKO-calendar;IEP-five-phase-only,reviewed:traditional-facts-separated-from-original-portrait,reviewed:pillar-specific-scene-and-practice,reviewed:current-card-name-and-qualified-element-contrast,reviewed:no-personality-measurement-or-forecast-claim,agent-edited-and-reviewed,agent-edited-and-reviewed,converted-and-agent-reviewed;calendar-glyph-pass,agent-edited-and-reviewed;independent-human-pending,PASS:structured-links-and-rendered-internal-targets,PASS:4-locales-desktop-1280;metadata-canonical-hreflang-schema-sections-images-no-pageerror,direct-pair-meaning-and-strength-tension-reviewed,current-animal-image-and-original-cultural-interpretation-reviewed,completed:opening-takeaway-career-practice-rewritten;generic-money-timing-removed,PASS:cycle-stem-branch-main-element;calendar-vs-original-interpretation-scoped,NOT DONE:independent-native-human-review,not-sampled-mobile;desktop4-locales-pass
8,辛未,xin-wei-day-pillar,1,full-draft-final-agent-review-complete;unpublished,bilingual-source-notes;HKO-calendar;IEP-five-phase-only,reviewed:traditional-facts-separated-from-original-portrait,reviewed:pillar-specific-scene-and-practice,reviewed:current-card-name-and-qualified-element-contrast,reviewed:no-personality-measurement-or-forecast-claim,agent-edited-and-reviewed,agent-edited-and-reviewed,converted-and-agent-reviewed;calendar-glyph-pass,agent-edited-and-reviewed;independent-human-pending,PASS:structured-links-and-rendered-internal-targets,PASS:4-locales-desktop-1280;metadata-canonical-hreflang-schema-sections-images-no-pageerror,direct-pair-meaning-and-strength-tension-reviewed,current-animal-image-and-original-cultural-interpretation-reviewed,completed:opening-takeaway-career-practice-rewritten;generic-money-timing-removed,PASS:cycle-stem-branch-main-element;calendar-vs-original-interpretation-scoped,NOT DONE:independent-native-human-review,not-sampled-mobile;desktop4-locales-pass
9,壬申,ren-shen-day-pillar,2,full-draft-final-agent-review-complete;unpublished,bilingual-source-notes;HKO-calendar;IEP-five-phase-only,reviewed:traditional-facts-separated-from-original-portrait,reviewed:pillar-specific-scene-and-practice,reviewed:current-card-name-and-qualified-element-contrast,reviewed:no-personality-measurement-or-forecast-claim,agent-edited-and-reviewed,agent-edited-and-reviewed,converted-and-agent-reviewed;calendar-glyph-pass,agent-edited-and-reviewed;independent-human-pending,PASS:structured-links-and-rendered-internal-targets,PASS:4-locales-desktop-1280;metadata-canonical-hreflang-schema-sections-images-no-pageerror,direct-pair-meaning-and-strength-tension-reviewed,current-animal-image-and-original-cultural-interpretation-reviewed,completed:opening-takeaway-career-practice-rewritten;generic-money-timing-removed,PASS:cycle-stem-branch-main-element;calendar-vs-original-interpretation-scoped,NOT DONE:independent-native-human-review,not-sampled-mobile;desktop4-locales-pass
10,癸酉,gui-you-day-pillar,2,full-draft-final-agent-review-complete;unpublished,bilingual-source-notes;HKO-calendar;IEP-five-phase-only,reviewed:traditional-facts-separated-from-original-portrait,reviewed:pillar-specific-scene-and-practice,reviewed:current-card-name-and-qualified-element-contrast,reviewed:no-personality-measurement-or-forecast-claim,agent-edited-and-reviewed,agent-edited-and-reviewed,converted-and-agent-reviewed;calendar-glyph-pass,agent-edited-and-reviewed;independent-human-pending,PASS:structured-links-and-rendered-internal-targets,PASS:4-locales-desktop-1280;metadata-canonical-hreflang-schema-sections-images-no-pageerror,direct-pair-meaning-and-strength-tension-reviewed,current-animal-image-and-original-cultural-interpretation-reviewed,completed:opening-takeaway-career-practice-rewritten;generic-money-timing-removed,PASS:cycle-stem-branch-main-element;calendar-vs-original-interpretation-scoped,NOT DONE:independent-native-human-review,not-sampled-mobile;desktop4-locales-pass
11,甲戌,jia-xu-day-pillar,2,full-draft-final-agent-review-complete;unpublished,bilingual-source-notes;HKO-calendar;IEP-five-phase-only,reviewed:traditional-facts-separated-from-original-portrait,reviewed:pillar-specific-scene-and-practice,reviewed:current-card-name-and-qualified-element-contrast,reviewed:no-personality-measurement-or-forecast-claim,agent-edited-and-reviewed,agent-edited-and-reviewed,converted-and-agent-reviewed;calendar-glyph-pass,agent-edited-and-reviewed;independent-human-pending,PASS:structured-links-and-rendered-internal-targets,PASS:4-locales-desktop-1280;metadata-canonical-hreflang-schema-sections-images-no-pageerror,direct-pair-meaning-and-strength-tension-reviewed,current-animal-image-and-original-cultural-interpretation-reviewed,completed:opening-takeaway-career-practice-rewritten;generic-money-timing-removed,PASS:cycle-stem-branch-main-element;calendar-vs-original-interpretation-scoped,NOT DONE:independent-native-human-review,not-sampled-mobile;desktop4-locales-pass
12,乙亥,yi-hai-day-pillar,2,full-draft-final-agent-review-complete;unpublished,bilingual-source-notes;HKO-calendar;IEP-five-phase-only,reviewed:traditional-facts-separated-from-original-portrait,reviewed:pillar-specific-scene-and-practice,reviewed:current-card-name-and-qualified-element-contrast,reviewed:no-personality-measurement-or-forecast-claim,agent-edited-and-reviewed,agent-edited-and-reviewed,converted-and-agent-reviewed;calendar-glyph-pass,agent-edited-and-reviewed;independent-human-pending,PASS:structured-links-and-rendered-internal-targets,PASS:4-locales-desktop-1280;metadata-canonical-hreflang-schema-sections-images-no-pageerror,direct-pair-meaning-and-strength-tension-reviewed,current-animal-image-and-original-cultural-interpretation-reviewed,completed:opening-takeaway-career-practice-rewritten;generic-money-timing-removed,PASS:cycle-stem-branch-main-element;calendar-vs-original-interpretation-scoped,NOT DONE:independent-native-human-review,not-sampled-mobile;desktop4-locales-pass
13,丙子,bing-zi-day-pillar,3,full-draft-final-agent-review-complete;unpublished,bilingual-source-notes;HKO-calendar;IEP-five-phase-only,reviewed:traditional-facts-separated-from-original-portrait,reviewed:pillar-specific-scene-and-practice,reviewed:current-card-name-and-qualified-element-contrast,reviewed:no-personality-measurement-or-forecast-claim,agent-edited-and-reviewed,agent-edited-and-reviewed,converted-and-agent-reviewed;calendar-glyph-pass,agent-edited-and-reviewed;independent-human-pending,PASS:structured-links-and-rendered-internal-targets,PASS:4-locales-desktop-1280;metadata-canonical-hreflang-schema-sections-images-no-pageerror,direct-pair-meaning-and-strength-tension-reviewed,current-animal-image-and-original-cultural-interpretation-reviewed,completed:opening-takeaway-career-practice-rewritten;generic-money-timing-removed,PASS:cycle-stem-branch-main-element;calendar-vs-original-interpretation-scoped,NOT DONE:independent-native-human-review,not-sampled-mobile;desktop4-locales-pass
14,丁丑,ding-chou-day-pillar,3,full-draft-final-agent-review-complete;unpublished,bilingual-source-notes;HKO-calendar;IEP-five-phase-only,reviewed:traditional-facts-separated-from-original-portrait,reviewed:pillar-specific-scene-and-practice,reviewed:current-card-name-and-qualified-element-contrast,reviewed:no-personality-measurement-or-forecast-claim,agent-edited-and-reviewed,agent-edited-and-reviewed,converted-and-agent-reviewed;calendar-glyph-pass,agent-edited-and-reviewed;independent-human-pending,PASS:structured-links-and-rendered-internal-targets,PASS:4-locales-desktop-1280;metadata-canonical-hreflang-schema-sections-images-no-pageerror,direct-pair-meaning-and-strength-tension-reviewed,current-animal-image-and-original-cultural-interpretation-reviewed,completed:opening-takeaway-career-practice-rewritten;generic-money-timing-removed,PASS:cycle-stem-branch-main-element;calendar-vs-original-interpretation-scoped,NOT DONE:independent-native-human-review,not-sampled-mobile;desktop4-locales-pass
15,戊寅,wu-yin-day-pillar,3,full-draft-final-agent-review-complete;unpublished,bilingual-source-notes;HKO-calendar;IEP-five-phase-only,reviewed:traditional-facts-separated-from-original-portrait,reviewed:pillar-specific-scene-and-practice,reviewed:current-card-name-and-qualified-element-contrast,reviewed:no-personality-measurement-or-forecast-claim,agent-edited-and-reviewed,agent-edited-and-reviewed,converted-and-agent-reviewed;calendar-glyph-pass,agent-edited-and-reviewed;independent-human-pending,PASS:structured-links-and-rendered-internal-targets,PASS:4-locales-desktop-1280;metadata-canonical-hreflang-schema-sections-images-no-pageerror,direct-pair-meaning-and-strength-tension-reviewed,current-animal-image-and-original-cultural-interpretation-reviewed,completed:opening-takeaway-career-practice-rewritten;generic-money-timing-removed,PASS:cycle-stem-branch-main-element;calendar-vs-original-interpretation-scoped,NOT DONE:independent-native-human-review,not-sampled-mobile;desktop4-locales-pass
16,己卯,ji-mao-day-pillar,3,full-draft-final-agent-review-complete;unpublished,bilingual-source-notes;HKO-calendar;IEP-five-phase-only,reviewed:traditional-facts-separated-from-original-portrait,reviewed:pillar-specific-scene-and-practice,reviewed:current-card-name-and-qualified-element-contrast,reviewed:no-personality-measurement-or-forecast-claim,agent-edited-and-reviewed,agent-edited-and-reviewed,converted-and-agent-reviewed;calendar-glyph-pass,agent-edited-and-reviewed;independent-human-pending,PASS:structured-links-and-rendered-internal-targets,PASS:4-locales-desktop-1280;metadata-canonical-hreflang-schema-sections-images-no-pageerror,direct-pair-meaning-and-strength-tension-reviewed,current-animal-image-and-original-cultural-interpretation-reviewed,completed:opening-takeaway-career-practice-rewritten;generic-money-timing-removed,PASS:cycle-stem-branch-main-element;calendar-vs-original-interpretation-scoped,NOT DONE:independent-native-human-review,not-sampled-mobile;desktop4-locales-pass
17,庚辰,geng-chen-day-pillar,4,full-draft-final-agent-review-complete;unpublished,bilingual-source-notes;HKO-calendar;IEP-five-phase-only,reviewed:traditional-facts-separated-from-original-portrait,reviewed:pillar-specific-scene-and-practice,reviewed:current-card-name-and-qualified-element-contrast,reviewed:no-personality-measurement-or-forecast-claim,agent-edited-and-reviewed,agent-edited-and-reviewed,converted-and-agent-reviewed;calendar-glyph-pass,agent-edited-and-reviewed;independent-human-pending,PASS:structured-links-and-rendered-internal-targets,PASS:4-locales-desktop-1280;metadata-canonical-hreflang-schema-sections-images-no-pageerror,direct-pair-meaning-and-strength-tension-reviewed,current-animal-image-and-original-cultural-interpretation-reviewed,completed:opening-takeaway-career-practice-rewritten;generic-money-timing-removed,PASS:cycle-stem-branch-main-element;calendar-vs-original-interpretation-scoped,NOT DONE:independent-native-human-review,not-sampled-mobile;desktop4-locales-pass
18,辛巳,xin-si-day-pillar,4,full-draft-final-agent-review-complete;unpublished,bilingual-source-notes;HKO-calendar;IEP-five-phase-only,reviewed:traditional-facts-separated-from-original-portrait,reviewed:pillar-specific-scene-and-practice,reviewed:current-card-name-and-qualified-element-contrast,reviewed:no-personality-measurement-or-forecast-claim,agent-edited-and-reviewed,agent-edited-and-reviewed,converted-and-agent-reviewed;calendar-glyph-pass,agent-edited-and-reviewed;independent-human-pending,PASS:structured-links-and-rendered-internal-targets,PASS:4-locales-desktop-1280;metadata-canonical-hreflang-schema-sections-images-no-pageerror,direct-pair-meaning-and-strength-tension-reviewed,current-animal-image-and-original-cultural-interpretation-reviewed,completed:opening-takeaway-career-practice-rewritten;generic-money-timing-removed,PASS:cycle-stem-branch-main-element;calendar-vs-original-interpretation-scoped,NOT DONE:independent-native-human-review,not-sampled-mobile;desktop4-locales-pass
19,壬午,ren-wu-day-pillar,4,full-draft-final-agent-review-complete;unpublished,bilingual-source-notes;HKO-calendar;IEP-five-phase-only,reviewed:traditional-facts-separated-from-original-portrait,reviewed:pillar-specific-scene-and-practice,reviewed:current-card-name-and-qualified-element-contrast,reviewed:no-personality-measurement-or-forecast-claim,agent-edited-and-reviewed,agent-edited-and-reviewed,converted-and-agent-reviewed;calendar-glyph-pass,agent-edited-and-reviewed;independent-human-pending,PASS:structured-links-and-rendered-internal-targets,PASS:4-locales-desktop-1280;metadata-canonical-hreflang-schema-sections-images-no-pageerror,direct-pair-meaning-and-strength-tension-reviewed,current-animal-image-and-original-cultural-interpretation-reviewed,completed:opening-takeaway-career-practice-rewritten;generic-money-timing-removed,PASS:cycle-stem-branch-main-element;calendar-vs-original-interpretation-scoped,NOT DONE:independent-native-human-review,not-sampled-mobile;desktop4-locales-pass
20,癸未,gui-wei-day-pillar,4,full-draft-final-agent-review-complete;unpublished,bilingual-source-notes;HKO-calendar;IEP-five-phase-only,reviewed:traditional-facts-separated-from-original-portrait,reviewed:pillar-specific-scene-and-practice,reviewed:current-card-name-and-qualified-element-contrast,reviewed:no-personality-measurement-or-forecast-claim,agent-edited-and-reviewed,agent-edited-and-reviewed,converted-and-agent-reviewed;calendar-glyph-pass,agent-edited-and-reviewed;independent-human-pending,PASS:structured-links-and-rendered-internal-targets,PASS:4-locales-desktop-1280;metadata-canonical-hreflang-schema-sections-images-no-pageerror,direct-pair-meaning-and-strength-tension-reviewed,current-animal-image-and-original-cultural-interpretation-reviewed,completed:opening-takeaway-career-practice-rewritten;generic-money-timing-removed,PASS:cycle-stem-branch-main-element;calendar-vs-original-interpretation-scoped,NOT DONE:independent-native-human-review,not-sampled-mobile;desktop4-locales-pass
21,甲申,jia-shen-day-pillar,5,full-draft-final-agent-review-complete;unpublished,bilingual-source-notes;HKO-calendar;IEP-five-phase-only,reviewed:traditional-facts-separated-from-original-portrait,reviewed:pillar-specific-scene-and-practice,reviewed:current-card-name-and-qualified-element-contrast,reviewed:no-personality-measurement-or-forecast-claim,agent-edited-and-reviewed,agent-edited-and-reviewed,converted-and-agent-reviewed;calendar-glyph-pass,agent-edited-and-reviewed;independent-human-pending,PASS:structured-links-and-rendered-internal-targets,PASS:4-locales-desktop-1280;metadata-canonical-hreflang-schema-sections-images-no-pageerror,direct-pair-meaning-and-strength-tension-reviewed,current-animal-image-and-original-cultural-interpretation-reviewed,completed:opening-takeaway-career-practice-rewritten;generic-money-timing-removed,PASS:cycle-stem-branch-main-element;calendar-vs-original-interpretation-scoped,NOT DONE:independent-native-human-review,not-sampled-mobile;desktop4-locales-pass
22,乙酉,yi-you-day-pillar,5,full-draft-final-agent-review-complete;unpublished,bilingual-source-notes;HKO-calendar;IEP-five-phase-only,reviewed:traditional-facts-separated-from-original-portrait,reviewed:pillar-specific-scene-and-practice,reviewed:current-card-name-and-qualified-element-contrast,reviewed:no-personality-measurement-or-forecast-claim,agent-edited-and-reviewed,agent-edited-and-reviewed,converted-and-agent-reviewed;calendar-glyph-pass,agent-edited-and-reviewed;independent-human-pending,PASS:structured-links-and-rendered-internal-targets,PASS:4-locales-desktop-1280;metadata-canonical-hreflang-schema-sections-images-no-pageerror,direct-pair-meaning-and-strength-tension-reviewed,current-animal-image-and-original-cultural-interpretation-reviewed,completed:opening-takeaway-career-practice-rewritten;generic-money-timing-removed,PASS:cycle-stem-branch-main-element;calendar-vs-original-interpretation-scoped,NOT DONE:independent-native-human-review,not-sampled-mobile;desktop4-locales-pass
23,丙戌,bing-xu-day-pillar,5,full-draft-final-agent-review-complete;unpublished,bilingual-source-notes;HKO-calendar;IEP-five-phase-only,reviewed:traditional-facts-separated-from-original-portrait,reviewed:pillar-specific-scene-and-practice,reviewed:current-card-name-and-qualified-element-contrast,reviewed:no-personality-measurement-or-forecast-claim,agent-edited-and-reviewed,agent-edited-and-reviewed,converted-and-agent-reviewed;calendar-glyph-pass,agent-edited-and-reviewed;independent-human-pending,PASS:structured-links-and-rendered-internal-targets,PASS:4-locales-desktop-1280;metadata-canonical-hreflang-schema-sections-images-no-pageerror,direct-pair-meaning-and-strength-tension-reviewed,current-animal-image-and-original-cultural-interpretation-reviewed,completed:opening-takeaway-career-practice-rewritten;generic-money-timing-removed,PASS:cycle-stem-branch-main-element;calendar-vs-original-interpretation-scoped,NOT DONE:independent-native-human-review,not-sampled-mobile;desktop4-locales-pass
24,丁亥,ding-hai-day-pillar,5,full-draft-final-agent-review-complete;unpublished,bilingual-source-notes;HKO-calendar;IEP-five-phase-only,reviewed:traditional-facts-separated-from-original-portrait,reviewed:pillar-specific-scene-and-practice,reviewed:current-card-name-and-qualified-element-contrast,reviewed:no-personality-measurement-or-forecast-claim,agent-edited-and-reviewed,agent-edited-and-reviewed,converted-and-agent-reviewed;calendar-glyph-pass,agent-edited-and-reviewed;independent-human-pending,PASS:structured-links-and-rendered-internal-targets,PASS:4-locales-desktop-1280;metadata-canonical-hreflang-schema-sections-images-no-pageerror,direct-pair-meaning-and-strength-tension-reviewed,current-animal-image-and-original-cultural-interpretation-reviewed,completed:opening-takeaway-career-practice-rewritten;generic-money-timing-removed,PASS:cycle-stem-branch-main-element;calendar-vs-original-interpretation-scoped,NOT DONE:independent-native-human-review,not-sampled-mobile;desktop4-locales-pass
25,戊子,wu-zi-day-pillar,6,full-draft-final-agent-review-complete;unpublished,bilingual-source-notes;HKO-calendar;IEP-five-phase-only,reviewed:traditional-facts-separated-from-original-portrait,reviewed:pillar-specific-scene-and-practice,reviewed:current-card-name-and-qualified-element-contrast,reviewed:no-personality-measurement-or-forecast-claim,agent-edited-and-reviewed,agent-edited-and-reviewed,converted-and-agent-reviewed;calendar-glyph-pass,agent-edited-and-reviewed;independent-human-pending,PASS:structured-links-and-rendered-internal-targets,PASS:4-locales-desktop-1280;metadata-canonical-hreflang-schema-sections-images-no-pageerror,direct-pair-meaning-and-strength-tension-reviewed,current-animal-image-and-original-cultural-interpretation-reviewed,completed:opening-takeaway-career-practice-rewritten;generic-money-timing-removed,PASS:cycle-stem-branch-main-element;calendar-vs-original-interpretation-scoped,NOT DONE:independent-native-human-review,not-sampled-mobile;desktop4-locales-pass
26,己丑,ji-chou-day-pillar,6,full-draft-final-agent-review-complete;unpublished,bilingual-source-notes;HKO-calendar;IEP-five-phase-only,reviewed:traditional-facts-separated-from-original-portrait,reviewed:pillar-specific-scene-and-practice,reviewed:current-card-name-and-qualified-element-contrast,reviewed:no-personality-measurement-or-forecast-claim,agent-edited-and-reviewed,agent-edited-and-reviewed,converted-and-agent-reviewed;calendar-glyph-pass,agent-edited-and-reviewed;independent-human-pending,PASS:structured-links-and-rendered-internal-targets,PASS:4-locales-desktop-1280;metadata-canonical-hreflang-schema-sections-images-no-pageerror,direct-pair-meaning-and-strength-tension-reviewed,current-animal-image-and-original-cultural-interpretation-reviewed,completed:opening-takeaway-career-practice-rewritten;generic-money-timing-removed,PASS:cycle-stem-branch-main-element;calendar-vs-original-interpretation-scoped,NOT DONE:independent-native-human-review,not-sampled-mobile;desktop4-locales-pass
27,庚寅,geng-yin-day-pillar,6,full-draft-final-agent-review-complete;unpublished,bilingual-source-notes;HKO-calendar;IEP-five-phase-only,reviewed:traditional-facts-separated-from-original-portrait,reviewed:pillar-specific-scene-and-practice,reviewed:current-card-name-and-qualified-element-contrast,reviewed:no-personality-measurement-or-forecast-claim,agent-edited-and-reviewed,agent-edited-and-reviewed,converted-and-agent-reviewed;calendar-glyph-pass,agent-edited-and-reviewed;independent-human-pending,PASS:structured-links-and-rendered-internal-targets,PASS:4-locales-desktop-1280;metadata-canonical-hreflang-schema-sections-images-no-pageerror,direct-pair-meaning-and-strength-tension-reviewed,current-animal-image-and-original-cultural-interpretation-reviewed,completed:opening-takeaway-career-practice-rewritten;generic-money-timing-removed,PASS:cycle-stem-branch-main-element;calendar-vs-original-interpretation-scoped,NOT DONE:independent-native-human-review,not-sampled-mobile;desktop4-locales-pass
28,辛卯,xin-mao-day-pillar,6,full-draft-final-agent-review-complete;unpublished,bilingual-source-notes;HKO-calendar;IEP-five-phase-only,reviewed:traditional-facts-separated-from-original-portrait,reviewed:pillar-specific-scene-and-practice,reviewed:current-card-name-and-qualified-element-contrast,reviewed:no-personality-measurement-or-forecast-claim,agent-edited-and-reviewed,agent-edited-and-reviewed,converted-and-agent-reviewed;calendar-glyph-pass,agent-edited-and-reviewed;independent-human-pending,PASS:structured-links-and-rendered-internal-targets,PASS:4-locales-desktop-1280;metadata-canonical-hreflang-schema-sections-images-no-pageerror,direct-pair-meaning-and-strength-tension-reviewed,current-animal-image-and-original-cultural-interpretation-reviewed,completed:opening-takeaway-career-practice-rewritten;generic-money-timing-removed,PASS:cycle-stem-branch-main-element;calendar-vs-original-interpretation-scoped,NOT DONE:independent-native-human-review,PASS:all4-locales-at320-and390
29,壬辰,ren-chen-day-pillar,7,full-draft-final-agent-review-complete;unpublished,bilingual-source-notes;HKO-calendar;IEP-five-phase-only,reviewed:traditional-facts-separated-from-original-portrait,reviewed:pillar-specific-scene-and-practice,reviewed:current-card-name-and-qualified-element-contrast,reviewed:no-personality-measurement-or-forecast-claim,agent-edited-and-reviewed,agent-edited-and-reviewed,converted-and-agent-reviewed;calendar-glyph-pass,agent-edited-and-reviewed;independent-human-pending,PASS:structured-links-and-rendered-internal-targets,PASS:4-locales-desktop-1280;metadata-canonical-hreflang-schema-sections-images-no-pageerror,direct-pair-meaning-and-strength-tension-reviewed,current-animal-image-and-original-cultural-interpretation-reviewed,completed:distinct-image-scene-comparison-source-scope-reviewed,PASS:cycle-stem-branch-main-element;calendar-vs-original-interpretation-scoped,NOT DONE:independent-native-human-review,not-sampled-mobile;desktop4-locales-pass
30,癸巳,gui-si-day-pillar,7,full-draft-final-agent-review-complete;unpublished,bilingual-source-notes;HKO-calendar;IEP-five-phase-only,reviewed:traditional-facts-separated-from-original-portrait,reviewed:pillar-specific-scene-and-practice,reviewed:current-card-name-and-qualified-element-contrast,reviewed:no-personality-measurement-or-forecast-claim,agent-edited-and-reviewed,agent-edited-and-reviewed,converted-and-agent-reviewed;calendar-glyph-pass,agent-edited-and-reviewed;independent-human-pending,PASS:structured-links-and-rendered-internal-targets,PASS:4-locales-desktop-1280;metadata-canonical-hreflang-schema-sections-images-no-pageerror,direct-pair-meaning-and-strength-tension-reviewed,current-animal-image-and-original-cultural-interpretation-reviewed,completed:distinct-image-scene-comparison-source-scope-reviewed,PASS:cycle-stem-branch-main-element;calendar-vs-original-interpretation-scoped,NOT DONE:independent-native-human-review,not-sampled-mobile;desktop4-locales-pass
31,甲午,jia-wu-day-pillar,7,full-draft-final-agent-review-complete;unpublished,bilingual-source-notes;HKO-calendar;IEP-five-phase-only,reviewed:traditional-facts-separated-from-original-portrait,reviewed:pillar-specific-scene-and-practice,reviewed:current-card-name-and-qualified-element-contrast,reviewed:no-personality-measurement-or-forecast-claim,agent-edited-and-reviewed,agent-edited-and-reviewed,converted-and-agent-reviewed;calendar-glyph-pass,agent-edited-and-reviewed;independent-human-pending,PASS:structured-links-and-rendered-internal-targets,PASS:4-locales-desktop-1280;metadata-canonical-hreflang-schema-sections-images-no-pageerror,direct-pair-meaning-and-strength-tension-reviewed,current-animal-image-and-original-cultural-interpretation-reviewed,completed:distinct-image-scene-comparison-source-scope-reviewed,PASS:cycle-stem-branch-main-element;calendar-vs-original-interpretation-scoped,NOT DONE:independent-native-human-review,PASS:all4-locales-at320-and390
32,乙未,yi-wei-day-pillar,7,full-draft-final-agent-review-complete;unpublished,bilingual-source-notes;HKO-calendar;IEP-five-phase-only,reviewed:traditional-facts-separated-from-original-portrait,reviewed:pillar-specific-scene-and-practice,reviewed:current-card-name-and-qualified-element-contrast,reviewed:no-personality-measurement-or-forecast-claim,agent-edited-and-reviewed,agent-edited-and-reviewed,converted-and-agent-reviewed;calendar-glyph-pass,agent-edited-and-reviewed;independent-human-pending,PASS:structured-links-and-rendered-internal-targets,PASS:4-locales-desktop-1280;metadata-canonical-hreflang-schema-sections-images-no-pageerror,direct-pair-meaning-and-strength-tension-reviewed,current-animal-image-and-original-cultural-interpretation-reviewed,completed:distinct-image-scene-comparison-source-scope-reviewed,PASS:cycle-stem-branch-main-element;calendar-vs-original-interpretation-scoped,NOT DONE:independent-native-human-review,not-sampled-mobile;desktop4-locales-pass
33,丙申,bing-shen-day-pillar,8,full-draft-final-agent-review-complete;unpublished,bilingual-source-notes;HKO-calendar;IEP-five-phase-only,reviewed:traditional-facts-separated-from-original-portrait,reviewed:pillar-specific-scene-and-practice,reviewed:current-card-name-and-qualified-element-contrast,reviewed:no-personality-measurement-or-forecast-claim,agent-edited-and-reviewed,agent-edited-and-reviewed,converted-and-agent-reviewed;calendar-glyph-pass,agent-edited-and-reviewed;independent-human-pending,PASS:structured-links-and-rendered-internal-targets,PASS:4-locales-desktop-1280;metadata-canonical-hreflang-schema-sections-images-no-pageerror,direct-pair-meaning-and-strength-tension-reviewed,current-animal-image-and-original-cultural-interpretation-reviewed,completed:distinct-image-scene-comparison-source-scope-reviewed,PASS:cycle-stem-branch-main-element;calendar-vs-original-interpretation-scoped,NOT DONE:independent-native-human-review,not-sampled-mobile;desktop4-locales-pass
34,丁酉,ding-you-day-pillar,8,full-draft-final-agent-review-complete;unpublished,bilingual-source-notes;HKO-calendar;IEP-five-phase-only,reviewed:traditional-facts-separated-from-original-portrait,reviewed:pillar-specific-scene-and-practice,reviewed:current-card-name-and-qualified-element-contrast,reviewed:no-personality-measurement-or-forecast-claim,agent-edited-and-reviewed,agent-edited-and-reviewed,converted-and-agent-reviewed;calendar-glyph-pass,agent-edited-and-reviewed;independent-human-pending,PASS:structured-links-and-rendered-internal-targets,PASS:4-locales-desktop-1280;metadata-canonical-hreflang-schema-sections-images-no-pageerror,direct-pair-meaning-and-strength-tension-reviewed,current-animal-image-and-original-cultural-interpretation-reviewed,completed:distinct-image-scene-comparison-source-scope-reviewed,PASS:cycle-stem-branch-main-element;calendar-vs-original-interpretation-scoped,NOT DONE:independent-native-human-review,not-sampled-mobile;desktop4-locales-pass
35,戊戌,wu-xu-day-pillar,8,full-draft-final-agent-review-complete;unpublished,bilingual-source-notes;HKO-calendar;IEP-five-phase-only,reviewed:traditional-facts-separated-from-original-portrait,reviewed:pillar-specific-scene-and-practice,reviewed:current-card-name-and-qualified-element-contrast,reviewed:no-personality-measurement-or-forecast-claim,agent-edited-and-reviewed,agent-edited-and-reviewed,converted-and-agent-reviewed;calendar-glyph-pass,agent-edited-and-reviewed;independent-human-pending,PASS:structured-links-and-rendered-internal-targets,PASS:4-locales-desktop-1280;metadata-canonical-hreflang-schema-sections-images-no-pageerror,direct-pair-meaning-and-strength-tension-reviewed,current-animal-image-and-original-cultural-interpretation-reviewed,completed:distinct-image-scene-comparison-source-scope-reviewed,PASS:cycle-stem-branch-main-element;calendar-vs-original-interpretation-scoped,NOT DONE:independent-native-human-review,not-sampled-mobile;desktop4-locales-pass
36,己亥,ji-hai-day-pillar,8,full-draft-final-agent-review-complete;unpublished,bilingual-source-notes;HKO-calendar;IEP-five-phase-only,reviewed:traditional-facts-separated-from-original-portrait,reviewed:pillar-specific-scene-and-practice,reviewed:current-card-name-and-qualified-element-contrast,reviewed:no-personality-measurement-or-forecast-claim,agent-edited-and-reviewed,agent-edited-and-reviewed,converted-and-agent-reviewed;calendar-glyph-pass,agent-edited-and-reviewed;independent-human-pending,PASS:structured-links-and-rendered-internal-targets,PASS:4-locales-desktop-1280;metadata-canonical-hreflang-schema-sections-images-no-pageerror,direct-pair-meaning-and-strength-tension-reviewed,current-animal-image-and-original-cultural-interpretation-reviewed,completed:distinct-image-scene-comparison-source-scope-reviewed,PASS:cycle-stem-branch-main-element;calendar-vs-original-interpretation-scoped,NOT DONE:independent-native-human-review,not-sampled-mobile;desktop4-locales-pass
37,庚子,geng-zi-day-pillar,9,full-draft-final-agent-review-complete;unpublished,bilingual-source-notes;HKO-calendar;IEP-five-phase-only,reviewed:traditional-facts-separated-from-original-portrait,reviewed:pillar-specific-scene-and-practice,reviewed:current-card-name-and-qualified-element-contrast,reviewed:no-personality-measurement-or-forecast-claim,agent-edited-and-reviewed,agent-edited-and-reviewed,converted-and-agent-reviewed;calendar-glyph-pass,agent-edited-and-reviewed;independent-human-pending,PASS:structured-links-and-rendered-internal-targets,PASS:4-locales-desktop-1280;metadata-canonical-hreflang-schema-sections-images-no-pageerror,direct-pair-meaning-and-strength-tension-reviewed,current-animal-image-and-original-cultural-interpretation-reviewed,completed:distinct-image-scene-comparison-source-scope-reviewed,PASS:cycle-stem-branch-main-element;calendar-vs-original-interpretation-scoped,NOT DONE:independent-native-human-review,not-sampled-mobile;desktop4-locales-pass
38,辛丑,xin-chou-day-pillar,9,full-draft-final-agent-review-complete;unpublished,bilingual-source-notes;HKO-calendar;IEP-five-phase-only,reviewed:traditional-facts-separated-from-original-portrait,reviewed:pillar-specific-scene-and-practice,reviewed:current-card-name-and-qualified-element-contrast,reviewed:no-personality-measurement-or-forecast-claim,agent-edited-and-reviewed,agent-edited-and-reviewed,converted-and-agent-reviewed;calendar-glyph-pass,agent-edited-and-reviewed;independent-human-pending,PASS:structured-links-and-rendered-internal-targets,PASS:4-locales-desktop-1280;metadata-canonical-hreflang-schema-sections-images-no-pageerror,direct-pair-meaning-and-strength-tension-reviewed,current-animal-image-and-original-cultural-interpretation-reviewed,completed:distinct-image-scene-comparison-source-scope-reviewed,PASS:cycle-stem-branch-main-element;calendar-vs-original-interpretation-scoped,NOT DONE:independent-native-human-review,not-sampled-mobile;desktop4-locales-pass
39,壬寅,ren-yin-day-pillar,9,full-draft-final-agent-review-complete;unpublished,bilingual-source-notes;HKO-calendar;IEP-five-phase-only,reviewed:traditional-facts-separated-from-original-portrait,reviewed:pillar-specific-scene-and-practice,reviewed:current-card-name-and-qualified-element-contrast,reviewed:no-personality-measurement-or-forecast-claim,agent-edited-and-reviewed,agent-edited-and-reviewed,converted-and-agent-reviewed;calendar-glyph-pass,agent-edited-and-reviewed;independent-human-pending,PASS:structured-links-and-rendered-internal-targets,PASS:4-locales-desktop-1280;metadata-canonical-hreflang-schema-sections-images-no-pageerror,direct-pair-meaning-and-strength-tension-reviewed,current-animal-image-and-original-cultural-interpretation-reviewed,completed:distinct-image-scene-comparison-source-scope-reviewed,PASS:cycle-stem-branch-main-element;calendar-vs-original-interpretation-scoped,NOT DONE:independent-native-human-review,not-sampled-mobile;desktop4-locales-pass
40,癸卯,gui-mao-day-pillar,9,full-draft-final-agent-review-complete;unpublished,bilingual-source-notes;HKO-calendar;IEP-five-phase-only,reviewed:traditional-facts-separated-from-original-portrait,reviewed:pillar-specific-scene-and-practice,reviewed:current-card-name-and-qualified-element-contrast,reviewed:no-personality-measurement-or-forecast-claim,agent-edited-and-reviewed,agent-edited-and-reviewed,converted-and-agent-reviewed;calendar-glyph-pass,agent-edited-and-reviewed;independent-human-pending,PASS:structured-links-and-rendered-internal-targets,PASS:4-locales-desktop-1280;metadata-canonical-hreflang-schema-sections-images-no-pageerror,direct-pair-meaning-and-strength-tension-reviewed,current-animal-image-and-original-cultural-interpretation-reviewed,completed:distinct-image-scene-comparison-source-scope-reviewed,PASS:cycle-stem-branch-main-element;calendar-vs-original-interpretation-scoped,NOT DONE:independent-native-human-review,not-sampled-mobile;desktop4-locales-pass
41,甲辰,jia-chen-day-pillar,10,full-draft-final-agent-review-complete;unpublished,bilingual-source-notes;HKO-calendar;IEP-five-phase-only,reviewed:traditional-facts-separated-from-original-portrait,reviewed:pillar-specific-scene-and-practice,reviewed:current-card-name-and-qualified-element-contrast,reviewed:no-personality-measurement-or-forecast-claim,agent-edited-and-reviewed,agent-edited-and-reviewed,converted-and-agent-reviewed;calendar-glyph-pass,agent-edited-and-reviewed;independent-human-pending,PASS:structured-links-and-rendered-internal-targets,PASS:4-locales-desktop-1280;metadata-canonical-hreflang-schema-sections-images-no-pageerror,direct-pair-meaning-and-strength-tension-reviewed,current-animal-image-and-original-cultural-interpretation-reviewed,completed:distinct-image-scene-comparison-source-scope-reviewed,PASS:cycle-stem-branch-main-element;calendar-vs-original-interpretation-scoped,NOT DONE:independent-native-human-review,PASS:all4-locales-at320-and390
42,乙巳,yi-si-day-pillar,10,full-draft-final-agent-review-complete;unpublished,bilingual-source-notes;HKO-calendar;IEP-five-phase-only,reviewed:traditional-facts-separated-from-original-portrait,reviewed:pillar-specific-scene-and-practice,reviewed:current-card-name-and-qualified-element-contrast,reviewed:no-personality-measurement-or-forecast-claim,agent-edited-and-reviewed,agent-edited-and-reviewed,converted-and-agent-reviewed;calendar-glyph-pass,agent-edited-and-reviewed;independent-human-pending,PASS:structured-links-and-rendered-internal-targets,PASS:4-locales-desktop-1280;metadata-canonical-hreflang-schema-sections-images-no-pageerror,direct-pair-meaning-and-strength-tension-reviewed,current-animal-image-and-original-cultural-interpretation-reviewed,completed:distinct-image-scene-comparison-source-scope-reviewed,PASS:cycle-stem-branch-main-element;calendar-vs-original-interpretation-scoped,NOT DONE:independent-native-human-review,not-sampled-mobile;desktop4-locales-pass
43,丙午,bing-wu-day-pillar,10,full-draft-final-agent-review-complete;unpublished,bilingual-source-notes;HKO-calendar;IEP-five-phase-only,reviewed:traditional-facts-separated-from-original-portrait,reviewed:pillar-specific-scene-and-practice,reviewed:current-card-name-and-qualified-element-contrast,reviewed:no-personality-measurement-or-forecast-claim,agent-edited-and-reviewed,agent-edited-and-reviewed,converted-and-agent-reviewed;calendar-glyph-pass,agent-edited-and-reviewed;independent-human-pending,PASS:structured-links-and-rendered-internal-targets,PASS:4-locales-desktop-1280;metadata-canonical-hreflang-schema-sections-images-no-pageerror,direct-pair-meaning-and-strength-tension-reviewed,current-animal-image-and-original-cultural-interpretation-reviewed,completed:distinct-image-scene-comparison-source-scope-reviewed,PASS:cycle-stem-branch-main-element;calendar-vs-original-interpretation-scoped,NOT DONE:independent-native-human-review,not-sampled-mobile;desktop4-locales-pass
44,丁未,ding-wei-day-pillar,10,full-draft-final-agent-review-complete;unpublished,bilingual-source-notes;HKO-calendar;IEP-five-phase-only,reviewed:traditional-facts-separated-from-original-portrait,reviewed:pillar-specific-scene-and-practice,reviewed:current-card-name-and-qualified-element-contrast,reviewed:no-personality-measurement-or-forecast-claim,agent-edited-and-reviewed,agent-edited-and-reviewed,converted-and-agent-reviewed;calendar-glyph-pass,agent-edited-and-reviewed;independent-human-pending,PASS:structured-links-and-rendered-internal-targets,PASS:4-locales-desktop-1280;metadata-canonical-hreflang-schema-sections-images-no-pageerror,direct-pair-meaning-and-strength-tension-reviewed,current-animal-image-and-original-cultural-interpretation-reviewed,completed:distinct-image-scene-comparison-source-scope-reviewed,PASS:cycle-stem-branch-main-element;calendar-vs-original-interpretation-scoped,NOT DONE:independent-native-human-review,not-sampled-mobile;desktop4-locales-pass
45,戊申,wu-shen-day-pillar,11,full-draft-final-agent-review-complete;unpublished,bilingual-source-notes;HKO-calendar;IEP-five-phase-only,reviewed:traditional-facts-separated-from-original-portrait,reviewed:pillar-specific-scene-and-practice,reviewed:current-card-name-and-qualified-element-contrast,reviewed:no-personality-measurement-or-forecast-claim,agent-edited-and-reviewed,agent-edited-and-reviewed,converted-and-agent-reviewed;calendar-glyph-pass,agent-edited-and-reviewed;independent-human-pending,PASS:structured-links-and-rendered-internal-targets,PASS:4-locales-desktop-1280;metadata-canonical-hreflang-schema-sections-images-no-pageerror,direct-pair-meaning-and-strength-tension-reviewed,current-animal-image-and-original-cultural-interpretation-reviewed,completed:distinct-image-scene-comparison-source-scope-reviewed,PASS:cycle-stem-branch-main-element;calendar-vs-original-interpretation-scoped,NOT DONE:independent-native-human-review,not-sampled-mobile;desktop4-locales-pass
46,己酉,ji-you-day-pillar,11,full-draft-final-agent-review-complete;unpublished,bilingual-source-notes;HKO-calendar;IEP-five-phase-only,reviewed:traditional-facts-separated-from-original-portrait,reviewed:pillar-specific-scene-and-practice,reviewed:current-card-name-and-qualified-element-contrast,reviewed:no-personality-measurement-or-forecast-claim,agent-edited-and-reviewed,agent-edited-and-reviewed,converted-and-agent-reviewed;calendar-glyph-pass,agent-edited-and-reviewed;independent-human-pending,PASS:structured-links-and-rendered-internal-targets,PASS:4-locales-desktop-1280;metadata-canonical-hreflang-schema-sections-images-no-pageerror,direct-pair-meaning-and-strength-tension-reviewed,current-animal-image-and-original-cultural-interpretation-reviewed,completed:distinct-image-scene-comparison-source-scope-reviewed,PASS:cycle-stem-branch-main-element;calendar-vs-original-interpretation-scoped,NOT DONE:independent-native-human-review,not-sampled-mobile;desktop4-locales-pass
47,庚戌,geng-xu-day-pillar,11,full-draft-final-agent-review-complete;unpublished,bilingual-source-notes;HKO-calendar;IEP-five-phase-only,reviewed:traditional-facts-separated-from-original-portrait,reviewed:pillar-specific-scene-and-practice,reviewed:current-card-name-and-qualified-element-contrast,reviewed:no-personality-measurement-or-forecast-claim,agent-edited-and-reviewed,agent-edited-and-reviewed,converted-and-agent-reviewed;calendar-glyph-pass,agent-edited-and-reviewed;independent-human-pending,PASS:structured-links-and-rendered-internal-targets,PASS:4-locales-desktop-1280;metadata-canonical-hreflang-schema-sections-images-no-pageerror,direct-pair-meaning-and-strength-tension-reviewed,current-animal-image-and-original-cultural-interpretation-reviewed,completed:distinct-image-scene-comparison-source-scope-reviewed,PASS:cycle-stem-branch-main-element;calendar-vs-original-interpretation-scoped,NOT DONE:independent-native-human-review,not-sampled-mobile;desktop4-locales-pass
48,辛亥,xin-hai-day-pillar,11,full-draft-final-agent-review-complete;unpublished,bilingual-source-notes;HKO-calendar;IEP-five-phase-only,reviewed:traditional-facts-separated-from-original-portrait,reviewed:pillar-specific-scene-and-practice,reviewed:current-card-name-and-qualified-element-contrast,reviewed:no-personality-measurement-or-forecast-claim,agent-edited-and-reviewed,agent-edited-and-reviewed,converted-and-agent-reviewed;calendar-glyph-pass,agent-edited-and-reviewed;independent-human-pending,PASS:structured-links-and-rendered-internal-targets,PASS:4-locales-desktop-1280;metadata-canonical-hreflang-schema-sections-images-no-pageerror,direct-pair-meaning-and-strength-tension-reviewed,current-animal-image-and-original-cultural-interpretation-reviewed,completed:distinct-image-scene-comparison-source-scope-reviewed,PASS:cycle-stem-branch-main-element;calendar-vs-original-interpretation-scoped,NOT DONE:independent-native-human-review,not-sampled-mobile;desktop4-locales-pass
49,壬子,ren-zi-day-pillar,12,full-draft-final-agent-review-complete;unpublished,bilingual-source-notes;HKO-calendar;IEP-five-phase-only,reviewed:traditional-facts-separated-from-original-portrait,reviewed:pillar-specific-scene-and-practice,reviewed:current-card-name-and-qualified-element-contrast,reviewed:no-personality-measurement-or-forecast-claim,agent-edited-and-reviewed,agent-edited-and-reviewed,converted-and-agent-reviewed;calendar-glyph-pass,agent-edited-and-reviewed;independent-human-pending,PASS:structured-links-and-rendered-internal-targets,PASS:4-locales-desktop-1280;metadata-canonical-hreflang-schema-sections-images-no-pageerror,direct-pair-meaning-and-strength-tension-reviewed,current-animal-image-and-original-cultural-interpretation-reviewed,completed:distinct-image-scene-comparison-source-scope-reviewed,PASS:cycle-stem-branch-main-element;calendar-vs-original-interpretation-scoped,NOT DONE:independent-native-human-review,not-sampled-mobile;desktop4-locales-pass
50,癸丑,gui-chou-day-pillar,12,full-draft-final-agent-review-complete;unpublished,bilingual-source-notes;HKO-calendar;IEP-five-phase-only,reviewed:traditional-facts-separated-from-original-portrait,reviewed:pillar-specific-scene-and-practice,reviewed:current-card-name-and-qualified-element-contrast,reviewed:no-personality-measurement-or-forecast-claim,agent-edited-and-reviewed,agent-edited-and-reviewed,converted-and-agent-reviewed;calendar-glyph-pass,agent-edited-and-reviewed;independent-human-pending,PASS:structured-links-and-rendered-internal-targets,PASS:4-locales-desktop-1280;metadata-canonical-hreflang-schema-sections-images-no-pageerror,direct-pair-meaning-and-strength-tension-reviewed,current-animal-image-and-original-cultural-interpretation-reviewed,completed:distinct-image-scene-comparison-source-scope-reviewed,PASS:cycle-stem-branch-main-element;calendar-vs-original-interpretation-scoped,NOT DONE:independent-native-human-review,not-sampled-mobile;desktop4-locales-pass
51,甲寅,jia-yin-day-pillar,12,full-draft-final-agent-review-complete;unpublished,bilingual-source-notes;HKO-calendar;IEP-five-phase-only,reviewed:traditional-facts-separated-from-original-portrait,reviewed:pillar-specific-scene-and-practice,reviewed:current-card-name-and-qualified-element-contrast,reviewed:no-personality-measurement-or-forecast-claim,agent-edited-and-reviewed,agent-edited-and-reviewed,converted-and-agent-reviewed;calendar-glyph-pass,agent-edited-and-reviewed;independent-human-pending,PASS:structured-links-and-rendered-internal-targets,PASS:4-locales-desktop-1280;metadata-canonical-hreflang-schema-sections-images-no-pageerror,direct-pair-meaning-and-strength-tension-reviewed,current-animal-image-and-original-cultural-interpretation-reviewed,completed:distinct-image-scene-comparison-source-scope-reviewed,PASS:cycle-stem-branch-main-element;calendar-vs-original-interpretation-scoped,NOT DONE:independent-native-human-review,not-sampled-mobile;desktop4-locales-pass
52,乙卯,yi-mao-day-pillar,12,full-draft-final-agent-review-complete;unpublished,bilingual-source-notes;HKO-calendar;IEP-five-phase-only,reviewed:traditional-facts-separated-from-original-portrait,reviewed:pillar-specific-scene-and-practice,reviewed:current-card-name-and-qualified-element-contrast,reviewed:no-personality-measurement-or-forecast-claim,agent-edited-and-reviewed,agent-edited-and-reviewed,converted-and-agent-reviewed;calendar-glyph-pass,agent-edited-and-reviewed;independent-human-pending,PASS:structured-links-and-rendered-internal-targets,PASS:4-locales-desktop-1280;metadata-canonical-hreflang-schema-sections-images-no-pageerror,direct-pair-meaning-and-strength-tension-reviewed,current-animal-image-and-original-cultural-interpretation-reviewed,completed:distinct-image-scene-comparison-source-scope-reviewed,PASS:cycle-stem-branch-main-element;calendar-vs-original-interpretation-scoped,NOT DONE:independent-native-human-review,not-sampled-mobile;desktop4-locales-pass
53,丙辰,bing-chen-day-pillar,13,full-draft-final-agent-review-complete;unpublished,bilingual-source-notes;HKO-calendar;IEP-five-phase-only,reviewed:traditional-facts-separated-from-original-portrait,reviewed:pillar-specific-scene-and-practice,reviewed:current-card-name-and-qualified-element-contrast,reviewed:no-personality-measurement-or-forecast-claim,agent-edited-and-reviewed,agent-edited-and-reviewed,converted-and-agent-reviewed;calendar-glyph-pass,agent-edited-and-reviewed;independent-human-pending,PASS:structured-links-and-rendered-internal-targets,PASS:4-locales-desktop-1280;metadata-canonical-hreflang-schema-sections-images-no-pageerror,direct-pair-meaning-and-strength-tension-reviewed,current-animal-image-and-original-cultural-interpretation-reviewed,completed:distinct-image-scene-comparison-source-scope-reviewed,PASS:cycle-stem-branch-main-element;calendar-vs-original-interpretation-scoped,NOT DONE:independent-native-human-review,not-sampled-mobile;desktop4-locales-pass
54,丁巳,ding-si-day-pillar,13,full-draft-final-agent-review-complete;unpublished,bilingual-source-notes;HKO-calendar;IEP-five-phase-only,reviewed:traditional-facts-separated-from-original-portrait,reviewed:pillar-specific-scene-and-practice,reviewed:current-card-name-and-qualified-element-contrast,reviewed:no-personality-measurement-or-forecast-claim,agent-edited-and-reviewed,agent-edited-and-reviewed,converted-and-agent-reviewed;calendar-glyph-pass,agent-edited-and-reviewed;independent-human-pending,PASS:structured-links-and-rendered-internal-targets,PASS:4-locales-desktop-1280;metadata-canonical-hreflang-schema-sections-images-no-pageerror,direct-pair-meaning-and-strength-tension-reviewed,current-animal-image-and-original-cultural-interpretation-reviewed,completed:distinct-image-scene-comparison-source-scope-reviewed,PASS:cycle-stem-branch-main-element;calendar-vs-original-interpretation-scoped,NOT DONE:independent-native-human-review,not-sampled-mobile;desktop4-locales-pass
55,戊午,wu-wu-day-pillar,13,full-draft-final-agent-review-complete;unpublished,bilingual-source-notes;HKO-calendar;IEP-five-phase-only,reviewed:traditional-facts-separated-from-original-portrait,reviewed:pillar-specific-scene-and-practice,reviewed:current-card-name-and-qualified-element-contrast,reviewed:no-personality-measurement-or-forecast-claim,agent-edited-and-reviewed,agent-edited-and-reviewed,converted-and-agent-reviewed;calendar-glyph-pass,agent-edited-and-reviewed;independent-human-pending,PASS:structured-links-and-rendered-internal-targets,PASS:4-locales-desktop-1280;metadata-canonical-hreflang-schema-sections-images-no-pageerror,direct-pair-meaning-and-strength-tension-reviewed,current-animal-image-and-original-cultural-interpretation-reviewed,completed:distinct-image-scene-comparison-source-scope-reviewed,PASS:cycle-stem-branch-main-element;calendar-vs-original-interpretation-scoped,NOT DONE:independent-native-human-review,not-sampled-mobile;desktop4-locales-pass
56,己未,ji-wei-day-pillar,13,full-draft-final-agent-review-complete;unpublished,bilingual-source-notes;HKO-calendar;IEP-five-phase-only,reviewed:traditional-facts-separated-from-original-portrait,reviewed:pillar-specific-scene-and-practice,reviewed:current-card-name-and-qualified-element-contrast,reviewed:no-personality-measurement-or-forecast-claim,agent-edited-and-reviewed,agent-edited-and-reviewed,converted-and-agent-reviewed;calendar-glyph-pass,agent-edited-and-reviewed;independent-human-pending,PASS:structured-links-and-rendered-internal-targets,PASS:4-locales-desktop-1280;metadata-canonical-hreflang-schema-sections-images-no-pageerror,direct-pair-meaning-and-strength-tension-reviewed,current-animal-image-and-original-cultural-interpretation-reviewed,completed:distinct-image-scene-comparison-source-scope-reviewed,PASS:cycle-stem-branch-main-element;calendar-vs-original-interpretation-scoped,NOT DONE:independent-native-human-review,not-sampled-mobile;desktop4-locales-pass
57,庚申,geng-shen-day-pillar,14,full-draft-final-agent-review-complete;unpublished,bilingual-source-notes;HKO-calendar;IEP-five-phase-only,reviewed:traditional-facts-separated-from-original-portrait,reviewed:pillar-specific-scene-and-practice,reviewed:current-card-name-and-qualified-element-contrast,reviewed:no-personality-measurement-or-forecast-claim,agent-edited-and-reviewed,agent-edited-and-reviewed,converted-and-agent-reviewed;calendar-glyph-pass,agent-edited-and-reviewed;independent-human-pending,PASS:structured-links-and-rendered-internal-targets,PASS:4-locales-desktop-1280;metadata-canonical-hreflang-schema-sections-images-no-pageerror,direct-pair-meaning-and-strength-tension-reviewed,current-animal-image-and-original-cultural-interpretation-reviewed,completed:distinct-image-scene-comparison-source-scope-reviewed,PASS:cycle-stem-branch-main-element;calendar-vs-original-interpretation-scoped,NOT DONE:independent-native-human-review,not-sampled-mobile;desktop4-locales-pass
58,辛酉,xin-you-day-pillar,14,full-draft-final-agent-review-complete;unpublished,bilingual-source-notes;HKO-calendar;IEP-five-phase-only,reviewed:traditional-facts-separated-from-original-portrait,reviewed:pillar-specific-scene-and-practice,reviewed:current-card-name-and-qualified-element-contrast,reviewed:no-personality-measurement-or-forecast-claim,agent-edited-and-reviewed,agent-edited-and-reviewed,converted-and-agent-reviewed;calendar-glyph-pass,agent-edited-and-reviewed;independent-human-pending,PASS:structured-links-and-rendered-internal-targets,PASS:4-locales-desktop-1280;metadata-canonical-hreflang-schema-sections-images-no-pageerror,direct-pair-meaning-and-strength-tension-reviewed,current-animal-image-and-original-cultural-interpretation-reviewed,completed:distinct-image-scene-comparison-source-scope-reviewed,PASS:cycle-stem-branch-main-element;calendar-vs-original-interpretation-scoped,NOT DONE:independent-native-human-review,not-sampled-mobile;desktop4-locales-pass
59,壬戌,ren-xu-day-pillar,14,full-draft-final-agent-review-complete;unpublished,bilingual-source-notes;HKO-calendar;IEP-five-phase-only,reviewed:traditional-facts-separated-from-original-portrait,reviewed:pillar-specific-scene-and-practice,reviewed:current-card-name-and-qualified-element-contrast,reviewed:no-personality-measurement-or-forecast-claim,agent-edited-and-reviewed,agent-edited-and-reviewed,converted-and-agent-reviewed;calendar-glyph-pass,agent-edited-and-reviewed;independent-human-pending,PASS:structured-links-and-rendered-internal-targets,PASS:4-locales-desktop-1280;metadata-canonical-hreflang-schema-sections-images-no-pageerror,direct-pair-meaning-and-strength-tension-reviewed,current-animal-image-and-original-cultural-interpretation-reviewed,completed:distinct-image-scene-comparison-source-scope-reviewed,PASS:cycle-stem-branch-main-element;calendar-vs-original-interpretation-scoped,NOT DONE:independent-native-human-review,not-sampled-mobile;desktop4-locales-pass
60,癸亥,gui-hai-day-pillar,14,full-draft-final-agent-review-complete;unpublished,bilingual-source-notes;HKO-calendar;IEP-five-phase-only,reviewed:traditional-facts-separated-from-original-portrait,reviewed:pillar-specific-scene-and-practice,reviewed:current-card-name-and-qualified-element-contrast,reviewed:no-personality-measurement-or-forecast-claim,agent-edited-and-reviewed,agent-edited-and-reviewed,converted-and-agent-reviewed;calendar-glyph-pass,agent-edited-and-reviewed;independent-human-pending,PASS:structured-links-and-rendered-internal-targets,PASS:4-locales-desktop-1280;metadata-canonical-hreflang-schema-sections-images-no-pageerror,direct-pair-meaning-and-strength-tension-reviewed,current-animal-image-and-original-cultural-interpretation-reviewed,completed:distinct-image-scene-comparison-source-scope-reviewed,PASS:cycle-stem-branch-main-element;calendar-vs-original-interpretation-scoped,NOT DONE:independent-native-human-review,PASS:all4-locales-at320-and390
