cycle,pillar,slug,en,zh,zh-TW,ru,publishedAt,updatedAt,planned_batch
1,甲子,jia-zi-day-pillar,full,full,full,full,2026-09-14,2026-09-23,preserve
2,乙丑,yi-chou-day-pillar,full,full,full,full,2026-09-23,2026-09-24,preserve
3,丙寅,bing-yin-day-pillar,full,full,full,full,2026-09-23,2026-09-24,preserve
4,丁卯,ding-mao-day-pillar,full,full,full,full,2026-09-23,2026-09-29,preserve
5,戊辰,wu-chen-day-pillar,quick,quick,quick,quick,2026-09-23,2026-09-23,1
6,己巳,ji-si-day-pillar,quick,quick,quick,quick,2026-09-23,2026-09-23,1
7,庚午,geng-wu-day-pillar,quick,quick,quick,quick,2026-09-23,2026-09-23,1
8,辛未,xin-wei-day-pillar,quick,quick,quick,quick,2026-09-23,2026-09-23,1
9,壬申,ren-shen-day-pillar,quick,quick,quick,quick,2026-09-23,2026-09-23,2
10,癸酉,gui-you-day-pillar,quick,quick,quick,quick,2026-09-23,2026-09-23,2
11,甲戌,jia-xu-day-pillar,quick,quick,quick,quick,2026-09-23,2026-09-23,2
12,乙亥,yi-hai-day-pillar,quick,quick,quick,quick,2026-09-23,2026-09-23,2
13,丙子,bing-zi-day-pillar,quick,quick,quick,quick,2026-09-23,2026-09-23,3
14,丁丑,ding-chou-day-pillar,quick,quick,quick,quick,2026-09-23,2026-09-23,3
15,戊寅,wu-yin-day-pillar,quick,quick,quick,quick,2026-09-23,2026-09-23,3
16,己卯,ji-mao-day-pillar,quick,quick,quick,quick,2026-09-23,2026-09-23,3
17,庚辰,geng-chen-day-pillar,quick,quick,quick,quick,2026-09-23,2026-09-23,4
18,辛巳,xin-si-day-pillar,quick,quick,quick,quick,2026-09-23,2026-09-23,4
19,壬午,ren-wu-day-pillar,quick,quick,quick,quick,2026-09-23,2026-09-23,4
20,癸未,gui-wei-day-pillar,quick,quick,quick,quick,2026-09-23,2026-09-23,4
21,甲申,jia-shen-day-pillar,quick,quick,quick,quick,2026-09-23,2026-09-23,5
22,乙酉,yi-you-day-pillar,quick,quick,quick,quick,2026-09-23,2026-09-23,5
23,丙戌,bing-xu-day-pillar,quick,quick,quick,quick,2026-09-23,2026-09-23,5
24,丁亥,ding-hai-day-pillar,quick,quick,quick,quick,2026-09-23,2026-09-23,5
25,戊子,wu-zi-day-pillar,quick,quick,quick,quick,2026-09-23,2026-09-23,6
26,己丑,ji-chou-day-pillar,quick,quick,quick,quick,2026-09-23,2026-09-23,6
27,庚寅,geng-yin-day-pillar,quick,quick,quick,quick,2026-09-23,2026-09-23,6
28,辛卯,xin-mao-day-pillar,quick,quick,quick,quick,2026-09-23,2026-09-23,6
29,壬辰,ren-chen-day-pillar,quick,quick,quick,quick,2026-09-23,2026-09-23,7
30,癸巳,gui-si-day-pillar,quick,quick,quick,quick,2026-09-23,2026-09-23,7
31,甲午,jia-wu-day-pillar,quick,quick,quick,quick,2026-09-23,2026-09-23,7
32,乙未,yi-wei-day-pillar,quick,quick,quick,quick,2026-09-23,2026-09-23,7
33,丙申,bing-shen-day-pillar,quick,quick,quick,quick,2026-09-23,2026-09-23,8
34,丁酉,ding-you-day-pillar,quick,quick,quick,quick,2026-09-23,2026-09-23,8
35,戊戌,wu-xu-day-pillar,quick,quick,quick,quick,2026-09-23,2026-09-23,8
36,己亥,ji-hai-day-pillar,quick,quick,quick,quick,2026-09-23,2026-09-23,8
37,庚子,geng-zi-day-pillar,quick,quick,quick,quick,2026-09-23,2026-09-23,9
38,辛丑,xin-chou-day-pillar,quick,quick,quick,quick,2026-09-23,2026-09-23,9
39,壬寅,ren-yin-day-pillar,quick,quick,quick,quick,2026-09-23,2026-09-23,9
40,癸卯,gui-mao-day-pillar,quick,quick,quick,quick,2026-09-23,2026-09-23,9
41,甲辰,jia-chen-day-pillar,quick,quick,quick,quick,2026-09-23,2026-09-23,10
42,乙巳,yi-si-day-pillar,quick,quick,quick,quick,2026-09-23,2026-09-23,10
43,丙午,bing-wu-day-pillar,quick,quick,quick,quick,2026-09-23,2026-09-23,10
44,丁未,ding-wei-day-pillar,quick,quick,quick,quick,2026-09-23,2026-09-23,10
45,戊申,wu-shen-day-pillar,quick,quick,quick,quick,2026-09-23,2026-09-23,11
46,己酉,ji-you-day-pillar,quick,quick,quick,quick,2026-09-23,2026-09-23,11
47,庚戌,geng-xu-day-pillar,quick,quick,quick,quick,2026-09-23,2026-09-23,11
48,辛亥,xin-hai-day-pillar,quick,quick,quick,quick,2026-09-23,2026-09-23,11
49,壬子,ren-zi-day-pillar,quick,quick,quick,quick,2026-09-23,2026-09-23,12
50,癸丑,gui-chou-day-pillar,quick,quick,quick,quick,2026-09-23,2026-09-23,12
51,甲寅,jia-yin-day-pillar,quick,quick,quick,quick,2026-09-23,2026-09-23,12
52,乙卯,yi-mao-day-pillar,quick,quick,quick,quick,2026-09-23,2026-09-23,12
53,丙辰,bing-chen-day-pillar,quick,quick,quick,quick,2026-09-23,2026-09-23,13
54,丁巳,ding-si-day-pillar,quick,quick,quick,quick,2026-09-23,2026-09-23,13
55,戊午,wu-wu-day-pillar,quick,quick,quick,quick,2026-09-23,2026-09-23,13
56,己未,ji-wei-day-pillar,quick,quick,quick,quick,2026-09-23,2026-09-23,13
57,庚申,geng-shen-day-pillar,quick,quick,quick,quick,2026-09-23,2026-09-23,14
58,辛酉,xin-you-day-pillar,quick,quick,quick,quick,2026-09-23,2026-09-23,14
59,壬戌,ren-xu-day-pillar,quick,quick,quick,quick,2026-09-23,2026-09-23,14
60,癸亥,gui-hai-day-pillar,quick,quick,quick,quick,2026-09-23,2026-09-23,14
